time_s,TimeUS,Alt
0.0475,2539817,0.0
1.0471,3539417,0.0
2.0475,4539850,0.0
3.0471,5539450,0.0
4.0467,6539050,0.0
5.0471,7539483,0.0
6.0467,8539083,0.0
7.0472,9539516,0.0
8.0468,10539116,0.0
9.0472,11539549,0.0
10.0468,12539149,0.0
11.0472,13539582,0.0
12.0468,14539182,0.0
13.0473,15539615,0.0
14.0469,16539215,0.0
15.0473,17539648,0.0
16.0469,18539248,0.0
17.0473,19539681,0.0
18.0469,20539281,0.00372314453125
19.0474,21539714,0.00372314453125
20.0470,22539314,0.00372314453125
21.0474,23539747,0.00372314453125
22.0470,24539347,0.00372314453125
23.0474,25539780,0.00372314453125
24.0470,26539380,0.00372314453125
25.0475,27539813,0.00372314453125
26.0471,28539413,0.00372314453125
27.0475,29539846,0.00372314453125
28.0471,30539446,0.00372314453125
29.0467,31539046,0.00372314453125
30.0471,32539479,0.00372314453125
31.0467,33539079,0.00372314453125
32.0472,34539512,0.00372314453125
33.0468,35539112,0.00372314453125
34.0472,36539545,0.00372314453125
35.0468,37539145,0.00372314453125
36.0472,38539578,0.00372314453125
37.0468,39539178,0.00372314453125
38.0473,40539611,0.00372314453125
39.0469,41539211,0.00372314453125
40.0473,42539644,0.00372314453125
41.0469,43539244,0.00372314453125
42.0473,44539677,0.00372314453125
43.0469,45539277,0.00372314453125
44.0474,46539710,0.00372314453125
45.0470,47539310,0.00372314453125
46.0474,48539743,0.00372314453125
47.0470,49539343,0.02764892578125
48.0474,50539776,0.3304443359375
49.0470,51539376,0.63031005859375
50.0475,52539809,0.93017578125
51.0471,53539409,1.23004150390625
52.0475,54539842,1.5303955078125
53.0471,55539442,1.82733154296875
54.0467,56539042,2.127197265625
55.0471,57539475,2.427001953125
56.0467,58539075,2.7303466796875
57.0472,59539508,3.0301513671875
58.0468,60539108,3.330078125
59.0472,61539541,3.6298828125
60.0468,62539141,3.92974853515625
61.0472,63539574,4.2330322265625
62.0468,64539174,4.53289794921875
63.0473,65539607,4.826904296875
64.0469,66539207,5.12969970703125
65.0473,67539640,5.4300537109375
66.0469,68539240,5.72991943359375
67.0473,69539673,6.02972412109375
68.0469,70539273,6.32965087890625
69.0474,71539706,6.62945556640625
70.0470,72539306,6.9268798828125
71.0474,73539739,7.226806640625
72.0470,74539339,7.526611328125
73.0474,75539772,7.82940673828125
74.0470,76539372,8.1297607421875
75.0475,77539805,8.42962646484375
76.0471,78539405,8.7294921875
77.0475,79539838,9.029296875
78.0471,80539438,9.2940673828125
79.0467,81539038,9.2940673828125
79.9472,82439511,-0.0003662109375
80.4470,82939311,-0.0003662109375
80.9468,83439111,-0.0003662109375
81.4474,83939744,-0.0003662109375
81.9472,84439544,-0.0003662109375
82.4470,84939344,-0.0003662109375
82.9468,85439144,-0.0003662109375
83.4474,85939777,-0.0003662109375
83.9472,86439577,-0.0003662109375
84.4470,86939377,-0.0003662109375
84.9468,87439177,-0.0003662109375
