time_s,TimeUS,PD,VD
1.0471,3539417,0.0,0.0
2.0475,4539850,0.0005560129648074508,0.0175358634442091
3.0471,5539450,0.06666629761457443,0.08465370535850525
4.0467,6539050,0.04169879108667374,0.026214754208922386
5.0471,7539483,0.010326706804335117,-0.006324087735265493
6.0467,8539083,-0.002086838474497199,-0.01595326140522957
7.0472,9539516,-0.006656209006905556,-0.015958072617650032
8.0468,10539116,-0.009892922826111317,-0.015004162676632404
9.0472,11539549,-0.015816237777471542,-0.01564723812043667
10.0468,12539149,-0.017150631174445152,-0.013703452423214912
11.0472,13539582,-0.01546036172658205,-0.0107395239174366
12.0468,14539182,-0.013014702126383781,-0.008249462582170963
13.0473,15539615,-0.010898176580667496,-0.006404764484614134
14.0469,16539215,-0.009320049546658993,-0.005198913160711527
15.0473,17539648,-0.008254659362137318,-0.004398046061396599
16.0469,18539248,-0.007330365478992462,-0.0036501619033515453
17.0473,19539681,-0.0065411790274083614,-0.0030253692530095577
18.0469,20539281,0.0006887275376357138,-4.0401253500021994e-05
19.0474,21539714,-0.0016253587091341615,-0.0009219617350026965
20.0470,22539314,-0.00386818777769804,-0.0019063071813434362
21.0474,23539747,-0.005630530882626772,-0.0022415982093662024
22.0470,24539347,-0.0068421512842178345,-0.0024562343023717403
23.0474,25539780,-0.00773243373259902,-0.0027350743766874075
24.0470,26539380,-0.008397174067795277,-0.002730125794187188
25.0475,27539813,-0.008894549682736397,-0.0028266343288123608
26.0471,28539413,-0.009183940477669239,-0.002775779692456126
27.0475,29539846,-0.009187751449644566,-0.0025147688575088978
28.0471,30539446,-0.009037064388394356,-0.0023316952865570784
29.0467,31539046,-0.008715193718671799,-0.0019810169469565153
30.0471,32539479,-0.008276390843093395,-0.001649441896006465
31.0467,33539079,-0.007681317161768675,-0.001256088144145906
32.0472,34539512,-0.007040342316031456,-0.0008652955875732005
33.0468,35539112,-0.006311288569122553,-0.0005445912829600275
34.0472,36539545,-0.005624996032565832,-0.00021523417672142386
35.0468,37539145,-0.005086423363536596,-0.00018674429156817496
36.0472,38539578,-0.004696826450526714,-5.710904952138662e-05
37.0468,39539178,-0.004449133761227131,-0.00014939456013962626
38.0473,40539611,-0.004296598955988884,-0.00016338414570782334
39.0469,41539211,-0.004119304474443197,0.00011710263061104342
40.0473,42539644,-0.0039164237678050995,0.00012585206422954798
41.0469,43539244,-0.00382675277069211,0.0001236459647770971
42.0473,44539677,-0.0036681697238236666,0.0002584998728707433
43.0469,45539277,-0.003497152356430888,0.00024635912268422544
44.0474,46539710,-0.0032696097623556852,0.00041756953578442335
45.0470,47539310,-0.0030574556440114975,0.0004565141280181706
46.0474,48539743,-0.002907576970756054,0.0004970977897755802
47.0470,49539343,-0.0028798121493309736,0.0003717713407240808
48.0474,50539776,-0.05256938934326172,-0.010725616477429867
49.0470,51539376,-0.22338928282260895,-0.045518066734075546
50.0475,52539809,-0.49028971791267395,-0.09513664990663528
51.0471,53539409,-0.814151406288147,-0.1491817682981491
52.0475,54539842,-1.1754395961761475,-0.20268653333187103
53.0471,55539442,-1.5576459169387817,-0.25243061780929565
54.0467,56539042,-1.9432650804519653,-0.29431238770484924
55.0471,57539475,-2.3272368907928467,-0.3286001980304718
56.0467,58539075,-2.7016990184783936,-0.3543715178966522
57.0472,59539508,-3.0632903575897217,-0.3717978596687317
58.0468,60539108,-3.4104318618774414,-0.3824866712093353
59.0472,61539541,-3.746220588684082,-0.387248158454895
60.0468,62539141,-4.069559097290039,-0.3874572217464447
61.0472,63539574,-4.382791996002197,-0.3837234675884247
62.0468,64539174,-4.685127258300781,-0.3772704005241394
63.0473,65539607,-4.98144006729126,-0.3690222203731537
64.0469,66539207,-5.271069049835205,-0.3597922921180725
65.0473,67539640,-5.557953834533691,-0.3504542410373688
66.0469,68539240,-5.84372615814209,-0.3417453467845917
67.0473,69539673,-6.126018524169922,-0.3326628804206848
68.0469,70539273,-6.410305023193359,-0.3255244791507721
69.0474,71539706,-6.695079803466797,-0.31886377930641174
70.0470,72539306,-6.977725982666016,-0.31192758679389954
71.0474,73539739,-7.262092113494873,-0.30605655908584595
72.0470,74539339,-7.548327445983887,-0.30123278498649597
73.0474,75539772,-7.835943698883057,-0.29734697937965393
74.0470,76539372,-8.12559986114502,-0.2942577302455902
75.0475,77539805,-8.417251586914062,-0.29172682762145996
76.0471,78539405,-8.711238861083984,-0.2902548909187317
77.0475,79539838,-9.00723934173584,-0.28916284441947937
78.0471,80539438,-9.301769256591797,-0.28802862763404846
79.0467,81539038,-9.543998718261719,-0.2756543755531311
79.9472,82439511,0.016092436388134956,0.0025503968354314566
80.4470,82939311,0.020765716210007668,0.0056303455494344234
80.9468,83439111,0.021714579313993454,0.007256351411342621
81.4474,83939744,0.022898951545357704,0.008739476092159748
81.9472,84439544,0.024887174367904663,0.010290120728313923
82.4470,84939344,0.02760322578251362,0.011724286712706089
82.9468,85439144,0.030815813690423965,0.013169769197702408
83.4474,85939777,0.03142539784312248,0.013704635202884674
83.9472,86439577,0.03027397207915783,0.013959329575300217
84.4470,86939377,0.02988111414015293,0.014257125556468964
84.9468,87439177,0.030842721462249756,0.014847510494291782
