log,scen,cell,var,run,worst35,lift_s,az_liftoff,status,P15_before,P15_after,mean0_10,mean10_35,az_at_rel,az_peak,az_final,t80,err_at_rel,overshoot,alt_drop20,alt_exc35
s1_nopre_0.15_v1_r0,S1,nopre 0.15,1,0,0.282656949482039,4.287451000000004,0.0,ok,5.000000058430487e-08,6.202646545716561e-06,0.09081275557846022,0.2405514496351579,0.0,0.13,0.13,14.239301999999995,,,,
s1_nopre_0.15_v1_r1,S1,nopre 0.15,1,1,0.2788556975771943,4.299945999999991,0.01,ok,5.000000058430487e-08,6.183634923218051e-06,0.07890758666127405,0.23858246879578815,0.0,0.13,0.13,14.131844999999984,,,,
s1_nopre_0.15_v1_r2,S1,nopre 0.15,1,2,0.28224323695176334,4.302445000000006,0.01,ok,5.000000058430487e-08,6.239032700250391e-06,0.07475757553862192,0.23936149604827398,0.0,0.13,0.13,14.24013500000001,,,,
s1_nopre_0.15_v2_r0,S1,nopre 0.15,2,0,0.6965014385175854,4.34242900000001,0.0,ok,5.000000058430487e-08,5.000000058430487e-08,0.23294232949089877,0.5009957867617547,0.0,0.12,0.1183673469387755,20.300210000000007,,,,
s1_nopre_0.15_v2_r1,S1,nopre 0.15,2,1,0.6951466176455137,4.244968,0.0,ok,5.000000058430487e-08,5.000000058430487e-08,0.23656669698896407,0.500914239422277,0.0,0.12,0.1182,20.527619000000016,,,,
s1_nopre_0.15_v2_r2,S1,nopre 0.15,2,2,0.7018620571063368,4.264960000000002,0.0,ok,5.000000058430487e-08,5.000000058430487e-08,0.23693129448874514,0.5022312686904098,0.0,0.12,0.11900000000000001,20.332696999999996,,,,
s1_nopre_0.15_v3_r0,S1,nopre 0.15,3,0,0.6490262324921785,4.269957999999988,0.01,ok,,,0.18125069637202387,0.44827047292184463,0.0,0.13,0.12179999999999999,19.635475999999997,,,,
s1_nopre_0.15_v3_r1,S1,nopre 0.15,3,1,0.6475738835451601,4.303277999999992,0.01,ok,,,0.17755094786523667,0.4474254560144923,0.0,0.13,0.12220000000000002,19.797911,,,,
s1_nopre_0.15_v3_r2,S1,nopre 0.15,3,2,0.6495551124797201,4.274955999999989,0.01,ok,,,0.1815392538721454,0.4501877114158334,0.0,0.13,0.12179999999999999,19.74459899999998,,,,
s1_nopre_0.15_v4_r0,S1,nopre 0.15,4,0,0.3556333833548706,4.302444999999992,0.0,ok,5.000000058430487e-08,3.898982754435565e-07,0.13473233468592014,0.28260085520909467,0.0,0.13,0.1294,15.970275999999998,,,,
s1_nopre_0.15_v4_r1,S1,nopre 0.15,4,1,0.3534918602555992,4.282453000000004,0.0,ok,5.000000058430487e-08,3.901127172412089e-07,0.1379049339271212,0.2844513390197973,0.0,0.13,0.13,16.15520199999999,,,,
s1_nopre_0.15_v4_r2,S1,nopre 0.15,4,2,0.3563236823247369,4.303277999999992,0.0,ok,5.000000058430487e-08,3.9003293750283774e-07,0.13497118204869357,0.28488679322002713,0.0,0.13,0.1294,15.950283999999982,,,,
s1_plat_1.00_v1_r0,S1,plat 1.00,1,0,0.16174492903519777,3.200386000000009,0.0,ok,5.000000058430487e-08,6.209340881468961e-06,0.08039996085142302,0.0808505457531642,0.0,0.01,-0.01,nan,,,,
s1_plat_1.00_v1_r1,S1,plat 1.00,1,1,2.467683027737076,4.299946000000006,-0.99,ok,5.000000058430487e-08,6.2257008721644524e-06,0.758781262858358,2.0733192515636385,0.0,-0.00775,-0.05894999999999999,0.07746900000000778,,,,
s1_plat_1.00_v1_r2,S1,plat 1.00,1,2,0.33639302172232455,3.1878910000000076,0.0,ok,5.000000058430487e-08,6.2429958234133665e-06,0.2506139364421058,0.3093275926024518,0.0,0.01,-0.01,nan,,,,
s1_plat_1.00_v2_r0,S1,plat 1.00,2,0,0.15408241613768103,3.200386000000009,0.0,ok,5.000000058430487e-08,5.000000058430487e-08,0.0755485103662021,0.10665369273807435,0.0,0.0,0.0,nan,,,,
s1_plat_1.00_v2_r1,S1,plat 1.00,2,1,8.237533137202274,5.9026380000000245,-0.06,ok,5.000000058430487e-08,5.000000058430487e-08,2.363176838370146,1.1603730576734674,0.0,0.0,-0.02,nan,,,,
s1_plat_1.00_v2_r2,S1,plat 1.00,2,2,0.5116035522733,3.202052000000009,0.0,ok,5.000000058430487e-08,5.000000058430487e-08,0.36540539648871395,0.48558566575813444,0.0,0.0,0.0,nan,,,,
s1_plat_1.00_v3_r0,S1,plat 1.00,3,0,6.958948109763259,4.300779000000006,0.0,ok,,,0.892529040984157,1.7965684207695267,0.0,0.5700000000000001,0.4707999999999999,30.265389,,,,
s1_platd0_1.00_v1_r0,S1,platd0 1.00,1,0,0.3132907997667651,3.1470740000000035,0.0,ok,5.000000058430487e-08,6.218687758519081e-06,0.22470345017686885,0.26316405720661273,0.0,0.01,-0.01,nan,,,,
s1_platd0_1.00_v1_r1,S1,platd0 1.00,1,1,0.8754091997977174,4.199985999999996,-0.807,ok,5.000000058430487e-08,6.222517640708247e-06,0.30202376526196595,0.6553744177940133,0.0,0.0,-0.0364,0.012494999999972833,,,,
s1_platd0_1.00_v1_r2,S1,platd0 1.00,1,2,0.4857392980800803,3.1945550000000082,0.0,ok,5.000000058430487e-08,6.237813522602664e-06,0.3589695251639439,0.4338997307004068,0.0,0.0,-0.01,nan,,,,
s1_platd0_1.00_v2_r0,S1,platd0 1.00,2,0,0.27724359981239033,3.200386000000009,0.0,ok,5.000000058430487e-08,5.000000058430487e-08,0.19442208389338603,0.25614783684313386,0.0,0.0,0.0,nan,,,,
s1_platd0_1.00_v2_r1,S1,platd0 1.00,2,1,2.442527900787536,6.602357999999981,-0.09949999999999987,ok,5.000000058430487e-08,5.000000058430487e-08,1.3801865620422182,0.7563829575103733,0.0,0.0,-0.053999999999999986,0.004998000000000502,,,,
s1_platd0_1.00_v2_r2,S1,platd0 1.00,2,2,0.4921150095373381,3.202052000000009,0.0,ok,5.000000058430487e-08,5.000000058430487e-08,0.3612093410886509,0.47351184127669765,0.0,0.0,0.0,nan,,,,
s1_platd0_1.00_v3_r0,S1,platd0 1.00,3,0,7.180515029767411,4.202484999999996,0.0,ok,,,0.9124482704517698,1.8157584379797558,0.0,0.56,0.46939999999999993,30.26289,,,,
s1_platd0_1.00_v4_r0,S1,platd0 1.00,4,0,0.26393858104529677,3.202885000000009,0.0,ok,5.000000058430487e-08,3.900958347458072e-07,0.17931045092464445,0.2180056772371762,0.0,0.0,-0.01,nan,,,,
s1_platd0_1.00_v4_r1,S1,platd0 1.00,4,1,1.8229180842351307,5.112954000000002,-0.35,ok,5.000000058430487e-08,3.9005470853226143e-07,0.6802493411612057,0.8643093556750534,0.0,0.0,-0.051199999999999996,0.07580300000000761,,,,
s1_platd0_1.00_v4_r2,S1,platd0 1.00,4,2,0.5728659886444802,3.1995530000000088,0.0,ok,5.000000058430487e-08,3.882887256168033e-07,0.42905973586358087,0.54622115194139,0.0,0.0,-0.01,nan,,,,
s1_platd5_1.00_v1_r0,S1,platd5 1.00,1,0,0.3398022881709052,6.899739000000011,0.0,ok,5.000000058430487e-08,6.234365173440892e-06,0.23244796469002657,0.2682259436654968,0.0,0.01,-0.01,nan,,,,
s1_platd5_1.00_v1_r1,S1,platd5 1.00,1,1,2.1144903472764955,7.435358000000008,-0.96,ok,5.000000058430487e-08,6.220048362592934e-06,0.21241018652972762,1.615669609428352,0.0,0.0,-0.10099999999999998,0.012495000000001255,,,,
s1_platd5_1.00_v1_r2,S1,platd5 1.00,1,2,0.5814761846471832,6.664833000000016,0.0,ok,5.000000058430487e-08,6.226014193089213e-06,0.403960352378477,0.516878310559883,0.0,0.02,-0.01,nan,,,,
s1_platd5_1.00_v2_r0,S1,platd5 1.00,2,0,0.3408531823341061,6.699818999999991,0.0,ok,5.000000058430487e-08,5.000000058430487e-08,0.20547568836404959,0.274935105455656,0.0,0.0,0.0,nan,,,,
s1_platd5_1.00_v2_r1,S1,platd5 1.00,2,1,7.149574160575867,9.502863999999988,-0.14,ok,5.000000058430487e-08,5.000000058430487e-08,2.105156166041736,0.3327548114339011,0.0,0.0,-0.064,0.009996000000001004,,,,
s1_platd5_1.00_v2_r2,S1,platd5 1.00,2,2,0.6027941906915668,6.6023580000000095,0.0,ok,5.000000058430487e-08,5.000000058430487e-08,0.4114691085566908,0.5526160981097774,0.0,0.0,0.0,nan,,,,
s1_platd5_1.00_v3_r0,S1,platd5 1.00,3,0,7.029589655529708,8.30001200000001,0.0,ok,,,0.09271599589182636,1.6050297075655489,0.0,0.37,0.27539999999999987,31.180023000000006,,,,
s1_platd5_1.00_v4_r0,S1,platd5 1.00,4,0,0.3130466029047966,6.499898999999999,0.0,ok,5.000000058430487e-08,3.900067326867429e-07,0.2020693690234784,0.23470349770408155,0.0,0.0,-0.01,nan,,,,
s1_platd5_1.00_v4_r1,S1,platd5 1.00,4,1,2.5593861013650896,7.912666999999999,-0.61,ok,5.000000058430487e-08,3.894920155289583e-07,1.2319188887074985,1.5070412079099285,0.0,0.0,-0.10319999999999997,0.07497000000000753,,,,
s1_platd5_1.00_v4_r2,S1,platd5 1.00,4,2,0.5924667792671272,6.6023580000000095,0.0,ok,5.000000058430487e-08,3.8898187426639197e-07,0.4117788364701683,0.5279906449126742,0.0,0.0,-0.01,nan,,,,
s1_pre_0.05_v1_r0,S1,pre 0.05,1,0,0.16438379611354303,4.302445000000006,-0.06,ok,5.000000058430487e-08,6.198727533046622e-06,0.06299890347562123,0.1553849706428092,0.0,0.0,-0.01,nan,,,,
s1_pre_0.05_v1_r1,S1,pre 0.05,1,1,0.16016467475921026,4.312440999999993,-0.06,ok,5.000000058430487e-08,6.205977570061805e-06,0.05726723297785312,0.15158673200597406,0.0,0.0,-0.01,nan,,,,
s1_pre_0.05_v1_r2,S1,pre 0.05,1,2,0.16372004910372162,4.352424999999997,-0.06,ok,5.000000058430487e-08,6.220703653525561e-06,0.05909373141753666,0.1539358674516991,0.0,0.0,-0.01,nan,,,,
s1_pre_0.05_v2_r0,S1,pre 0.05,2,0,0.2702697799541056,4.4523849999999925,0.0,ok,5.000000058430487e-08,5.000000058430487e-08,0.09837692195436261,0.11007969800317056,0.0,0.0,-0.01,nan,,,,
s1_pre_0.05_v2_r1,S1,pre 0.05,2,1,0.28341777185561695,4.402405000000002,0.0,ok,5.000000058430487e-08,5.000000058430487e-08,0.09626148534081842,0.109878985832668,0.0,0.0,-0.01,nan,,,,
s1_pre_0.05_v2_r2,S1,pre 0.05,2,2,0.28346714079380037,4.4007390000000015,0.0,ok,5.000000058430487e-08,5.000000058430487e-08,0.09665071405897524,0.10877679243125264,0.0,0.0,-0.01,nan,,,,
s1_pre_0.05_v3_r0,S1,pre 0.05,3,0,0.16432021121727303,4.402405000000002,0.0,ok,,,0.049987423797667324,0.017830128519154546,0.0,0.0,0.0,nan,,,,
s1_pre_0.05_v3_r1,S1,pre 0.05,3,1,0.16581689781428188,4.383246,0.0,ok,,,0.04536073522416356,0.016643926514280177,0.0,0.0,0.0,nan,,,,
s1_pre_0.05_v3_r2,S1,pre 0.05,3,2,0.18496279612882063,4.402405000000002,0.0,ok,,,0.04436596571524077,0.01774578975204335,0.0,0.0,0.0,nan,,,,
s1_pre_0.15_v1_r0,S1,pre 0.15,1,0,0.2765443190757626,4.289950000000005,-0.1264999999999995,ok,5.000000058430487e-08,6.18486046732869e-06,0.08864684210630105,0.2367049533514993,0.0,0.0,-0.01,nan,,,,
s1_pre_0.15_v1_r1,S1,pre 0.15,1,1,0.27443918839853687,4.299946000000006,-0.13,ok,5.000000058430487e-08,6.242494237085339e-06,0.08364234722482333,0.2355865305293661,0.0,0.0,-0.01,nan,,,,
s1_pre_0.15_v1_r2,S1,pre 0.15,1,2,0.27589713173220165,4.303278000000006,-0.12,ok,5.000000058430487e-08,6.239602498681052e-06,0.08011184021827644,0.2359730557956721,0.0,0.0,-0.01,nan,,,,
s1_pre_0.15_v2_r0,S1,pre 0.15,2,0,0.534100665024016,4.402405000000002,-0.01,ok,5.000000058430487e-08,5.000000058430487e-08,0.2528533532461654,0.15801439727366648,0.0,0.0,-0.01,nan,,,,
s1_pre_0.15_v2_r1,S1,pre 0.15,2,1,0.5302457191515715,4.402405000000002,-0.01,ok,5.000000058430487e-08,5.000000058430487e-08,0.25156925225050886,0.15738279663992533,0.0,0.0,-0.01,nan,,,,
s1_pre_0.15_v2_r2,S1,pre 0.15,2,2,0.5327870785025841,4.4024049999999875,-0.01,ok,5.000000058430487e-08,5.000000058430487e-08,0.25061985059340125,0.15933871711414552,0.0,0.0,-0.01,nan,,,,
s1_pre_0.15_v3_r0,S1,pre 0.15,3,0,0.3012095842044801,4.402405000000002,-0.019999999999999997,ok,,,0.12587206364874393,0.07978391639978112,0.0,0.0,0.0,nan,,,,
s1_pre_0.15_v3_r1,S1,pre 0.15,3,1,0.2985798349895049,4.402405000000002,-0.019999999999999997,ok,,,0.12510794312231927,0.0799379756763893,0.0,0.0,0.0,nan,,,,
s1_pre_0.15_v3_r2,S1,pre 0.15,3,2,0.29857406528026376,4.402405000000002,-0.019999999999999997,ok,,,0.11921360641539301,0.08173590526732732,0.0,0.0,0.0,nan,,,,
s1_pre_0.15_v4_r0,S1,pre 0.15,4,0,0.3714006543159485,4.324935999999994,-0.06,ok,5.000000058430487e-08,3.88793807815091e-07,0.15171665955951372,0.22363512099231092,0.0,0.0,-0.01,nan,,,,
s1_pre_0.15_v4_r1,S1,pre 0.15,4,1,0.38289751280099155,4.34492800000001,-0.06,ok,5.000000058430487e-08,3.8758554410378565e-07,0.14910895444053995,0.22424525594190117,0.0,0.0,-0.01,nan,,,,
s1_pre_0.15_v4_r2,S1,pre 0.15,4,2,0.3702503302134573,4.302444999999992,-0.06,ok,5.000000058430487e-08,3.893813413924363e-07,0.15148765292668506,0.22558293747377303,0.0,0.0,-0.01,nan,,,,
s1_pre_0.30_v1_r0,S1,pre 0.30,1,0,0.44803227639640575,4.100026,-0.23,ok,5.000000058430487e-08,6.217012014531065e-06,0.12610625164183076,0.35958139848048426,0.0,0.0,-0.02,nan,,,,
s1_pre_0.30_v1_r1,S1,pre 0.30,1,1,0.44152731894854913,4.177494999999993,-0.23,ok,5.000000058430487e-08,6.203627890499774e-06,0.1227532819308994,0.35783517171397694,0.0,0.0,-0.02,nan,,,,
s1_pre_0.30_v1_r2,S1,pre 0.30,1,2,0.4492059907934163,4.100026,-0.24,ok,5.000000058430487e-08,6.240578841243405e-06,0.12531848809113097,0.36149630582212294,0.0,0.0,-0.02,nan,,,,
s1_pre_0.30_v2_r0,S1,pre 0.30,2,0,1.0051453737542033,4.758095999999995,-0.0245,ok,5.000000058430487e-08,5.000000058430487e-08,0.47093606272203103,0.23892678268992798,0.0,0.0,-0.011600000000000001,nan,,,,
s1_pre_0.30_v2_r1,S1,pre 0.30,2,1,1.0097402330846874,4.77225700000001,-0.02,ok,5.000000058430487e-08,5.000000058430487e-08,0.4757972983806841,0.23778362284187005,0.0,0.0,-0.0114,nan,,,,
s1_pre_0.30_v2_r2,S1,pre 0.30,2,2,1.001110243378207,4.8030780000000135,-0.028000000000001135,ok,5.000000058430487e-08,5.000000058430487e-08,0.4713403412572213,0.23980747069281,0.0,0.0,-0.011600000000000001,nan,,,,
s1_pre_0.30_v3_r0,S1,pre 0.30,3,0,0.5116675811674213,4.327435000000008,-0.04,ok,,,0.22848062171523892,0.1806979726353174,0.0,0.0,-0.01,nan,,,,
s1_pre_0.30_v3_r1,S1,pre 0.30,3,1,0.4985738838324282,4.299945999999991,-0.03,ok,,,0.23468566108091557,0.1802221653425397,0.0,0.0,-0.01,nan,,,,
s1_pre_0.30_v3_r2,S1,pre 0.30,3,2,0.4926571506075561,4.299946000000006,-0.03,ok,,,0.23385700854874053,0.18077196706096005,0.0,0.0,-0.01,nan,,,,
s2_0.05_v1_r0,S2,step 0.05,1,0,,,,ok,5.000000058430487e-08,6.242117706278805e-06,0.3675072910032793,0.04563970887495569,0.0,0.12,0.05,0.7971809999999948,-0.542903482560034,0.05313475706233832,0.7274006998339715,0.7308956791821757
s2_0.05_v1_r1,S2,step 0.05,1,1,,,,ok,5.000000058430487e-08,6.209452749317279e-06,0.10905729436017882,0.023006437997441502,0.0,0.09,0.05,0.9971009999999865,-0.348590610824652,0.04242169867512004,0.38379017875904964,0.38379017875904964
s2_0.05_v1_r2,S2,step 0.05,1,2,,,,ok,5.000000058430487e-08,6.238780315470649e-06,0.11016512740982586,0.03734383701747706,0.0,0.09999999999999999,0.05,0.9971010000000149,-0.33220549653779025,0.05892470380687158,0.3888500624143916,0.3888500624143916
s2_0.05_v2_r0,S2,step 0.05,2,0,,,,ok,5.000000058430487e-08,5.000000058430487e-08,0.6631456619621293,0.17573171872166377,0.0,0.04,0.04,nan,-0.5378374219635428,0.0,0.4127518684237401,0.5654760253200237
s2_0.05_v2_r1,S2,step 0.05,2,1,,,,ok,5.000000058430487e-08,5.000000058430487e-08,0.3843545522604709,0.08927360420697375,1.734723475976807e-18,0.04,0.04000000000000001,nan,-0.41250177111236874,0.0,-0.03580504978338439,0.540300814842162
s2_0.05_v2_r2,S2,step 0.05,2,2,,,,ok,5.000000058430487e-08,5.000000058430487e-08,0.34809404193958726,0.0900192566564767,0.0,0.04,0.04,nan,-0.3171213902971545,0.0,0.12580561293376036,0.32565142157935156
s2_0.05_v3_r0,S2,step 0.05,3,0,,,,ok,,,0.2962421176177469,0.13155180475204656,0.02,0.04,0.04,nan,-0.2450546865727377,0.0,0.16538013086131542,0.28001186123004373
s2_0.05_v3_r1,S2,step 0.05,3,1,,,,ok,,,0.19348423405053894,0.09785530399052217,0.01,0.04,0.04,nan,-0.1859097869806497,0.0,-0.06253499812532937,0.5244817700745585
s2_0.05_v3_r2,S2,step 0.05,3,2,,,,ok,,,0.12203921927649823,0.08365276645070262,0.020000000000000004,0.04,0.04,nan,-0.14375658992508936,0.0,-0.130774719614422,1.1369173351739406
s2_0.15_v1_r0,S2,step 0.15,1,0,,,,ok,5.000000058430487e-08,6.2432236518361606e-06,0.4575727858097515,0.1086186517312847,0.0,0.34,0.15000000000000002,0.7971809999999948,-1.3669816312753644,0.18655166374672244,2.0918178662511338,2.0918178662511338
s2_0.15_v1_r1,S2,step 0.15,1,1,,,,ok,5.000000058430487e-08,6.248130830499576e-06,0.40133059871612786,0.10284631112393693,0.0,0.33,0.15000000000000002,0.7980139999999949,-1.2293878656743733,0.17141956018647903,1.307876399973324,1.307876399973324
s2_0.15_v1_r2,S2,step 0.15,1,2,,,,ok,5.000000058430487e-08,6.222358024388086e-06,0.3657189270200245,0.02125114800566913,0.0,0.22,0.15000000000000002,1.1970210000000066,-1.234363350182219,0.058015746298882995,-0.26264691702090204,3.453840541689715
s2_0.15_v2_r0,S2,step 0.15,2,0,,,,ok,5.000000058430487e-08,5.000000058430487e-08,2.1009736794654423,0.5377031777271234,0.0,0.14,0.1326,15.497964999999994,-1.7412061057440487,0.0,1.4181508035798984,1.8808613695709724
s2_0.15_v2_r1,S2,step 0.15,2,1,,,,ok,5.000000058430487e-08,5.000000058430487e-08,1.2220158469493667,0.25937975984309936,1.734723475976807e-18,0.14,0.13145833333333334,16.29764499999999,-1.3138866358127435,0.0,1.3621795491539643,1.5674375757939316
s2_0.15_v2_r2,S2,step 0.15,2,2,,,,ok,5.000000058430487e-08,5.000000058430487e-08,1.0329255084268876,0.29156212364165895,0.0,0.13,0.13,18.797478000000012,-1.1323535231602144,0.0,0.2502048989682075,1.1446203404731135
s2_0.15_v3_r0,S2,step 0.15,3,0,,,,ok,,,0.5081153262952449,0.2968537138937879,0.060000000000000005,0.13,0.13,19.244799,-0.5603257632463294,0.0,-0.0035603085918438637,0.3362986786288502
s2_0.15_v3_r1,S2,step 0.15,3,1,,,,ok,,,0.5675063472316874,0.27537937462796563,0.060000000000000005,0.13,0.13,17.767056999999994,-0.5729461639032056,0.0,-0.03982946404429555,0.5348655260478026
s2_0.15_v3_r2,S2,step 0.15,3,2,,,,ok,,,0.5126546743346606,0.23953876590442497,0.06999999999999999,0.14,0.13191489361702127,15.789515000000023,-0.5031168598754164,0.0,-0.0025545386597514153,0.7110117818036699
s2_0.15_v4_r0,S2,step 0.15,4,0,,,,ok,5.000000058430487e-08,3.901915306414594e-07,1.5921198280314814,0.14470458964020055,0.0,0.18000000000000002,0.15000000000000002,3.19788699999998,-1.7691528450186191,0.0937778066082393,2.1910016655597104,2.2449411437503315
s2_0.15_v4_r1,S2,step 0.15,4,1,,,,ok,5.000000058430487e-08,3.9017746189529134e-07,0.7466773094729785,0.06070911326988807,1.734723475976807e-18,0.17,0.15000000000000002,3.497766999999982,-1.3244719590835838,0.1067051262628913,1.84855510274123,1.84855510274123
s2_0.15_v4_r2,S2,step 0.15,4,2,,,,ok,5.000000058430487e-08,3.8988187611721514e-07,0.7204885019512327,0.0586033798367436,0.0,0.17,0.15000000000000002,3.5977270000000203,-1.2548606437775223,0.10108490513970662,1.6538802499690703,1.6538802499690703
s2_0.30_v1_r0,S2,step 0.30,1,0,,,,ok,5.000000058430487e-08,6.241260052775033e-06,0.821366060501437,0.15926900470965147,0.0,0.6,0.3,0.7971809999999948,-2.547797895630084,0.2850749254157541,3.6581308012609455,3.6581308012609455
s2_0.30_v1_r1,S2,step 0.30,1,1,,,,ok,5.000000058430487e-08,6.242378276510863e-06,2.0323558497108194,0.24117739816093886,0.00025000000000003665,0.73,0.304375,0.7971809999999948,-2.990772497892659,0.2658598673884625,3.889657528211522,3.9105160913553476
s2_0.30_v1_r2,S2,step 0.30,1,2,,,,ok,5.000000058430487e-08,6.226875939319143e-06,1.9787336413086618,0.2431093212418099,0.0,0.72,0.30340425531914883,0.7980139999999949,-2.8583465776099075,0.273161538192352,3.7278664223336975,3.747661487524205
s2_0.30_v2_r0,S2,step 0.30,2,0,,,,ok,5.000000058430487e-08,5.000000058430487e-08,3.650416626574655,1.0630086941091148,0.0,0.28,0.2722,16.29764499999999,-2.7033749162353145,0.0,1.5602894117204542,2.481335899633301
s2_0.30_v2_r1,S2,step 0.30,2,1,,,,ok,5.000000058430487e-08,5.000000058430487e-08,3.855184271121423,1.0657537959839796,0.0,0.28,0.273,15.897805000000005,-3.05495723621167,0.0,2.2429405989224023,3.1731512537208317
s2_0.30_v2_r2,S2,step 0.30,2,2,,,,ok,5.000000058430487e-08,5.000000058430487e-08,3.6626145453100905,1.055439030576018,0.0,0.28,0.2726,16.197685000000007,-2.73859972754074,0.0,1.838904615595105,2.770493002693705
s2_0.30_v3_r0,S2,step 0.30,3,0,,,,ok,,,1.7091388879961025,0.7869425197471875,0.14,0.28,0.2726,15.65456899999998,-1.3992420840610875,0.0,0.7834179610956369,1.460717072575079
s2_0.30_v3_r1,S2,step 0.30,3,1,,,,ok,,,1.107360558242341,0.5342493555007775,0.13,0.28,0.2704255319148936,16.917397000000022,-1.176169388285357,0.0,0.2063893266912089,0.7202758827350806
s2_0.30_v3_r2,S2,step 0.30,3,2,,,,ok,,,0.8848011274910146,0.4980213589766633,0.14,0.28,0.27212765957446805,16.560039999999987,-1.0179790218375186,0.0,-0.29590105337727834,2.4452184754634487
s2_0.50_v1_r0,S2,step 0.50,1,0,,,,ok,5.000000058430487e-08,6.222675892786356e-06,3.3190060612835834,0.34749588300891265,0.0,1.0,0.5074468085106381,0.7971809999999948,-5.089333193583831,0.3177777730865074,7.33733715681506,7.390906523005825
s2_0.50_v1_r1,S2,step 0.50,1,1,,,,ok,5.000000058430487e-08,6.264797775656916e-06,3.018219689762176,0.3156592240116969,0.0,1.01,0.5065999999999999,0.7971809999999948,-4.293518226611729,0.304818146251754,5.230233143693688,5.271764260450944
s2_0.50_v1_r2,S2,step 0.50,1,2,,,,ok,5.000000058430487e-08,6.221727744559757e-06,3.300455185742077,0.3233417851487948,0.0,1.01,0.5091666666666667,0.7971809999999948,-4.709258978940704,0.3036224629813768,6.044876708992696,6.090964117388118
s2_0.50_v2_r0,S2,step 0.50,2,0,,,,ok,5.000000058430487e-08,5.000000058430487e-08,6.736788866595419,1.7911548673176545,0.0,0.47000000000000003,0.46160000000000007,15.397171999999983,-5.1335939011769565,0.0,4.663295698724944,6.1932196837495965
s2_0.50_v2_r1,S2,step 0.50,2,1,,,,ok,5.000000058430487e-08,5.000000058430487e-08,6.363106298156863,1.7721472118893231,1.734723475976807e-18,0.46,0.45979166666666677,15.797844999999995,-4.875517040912693,0.0,3.8068667239467757,5.345606396008414
s2_0.50_v2_r2,S2,step 0.50,2,2,,,,ok,5.000000058430487e-08,5.000000058430487e-08,5.896453399330982,1.7669283476815303,0.0,0.46,0.4594,16.397605,-4.454153220094675,0.0,2.8854320994384395,4.42173220463399
s2_0.50_v3_r0,S2,step 0.50,3,0,,,,ok,,,2.6621995966485854,1.267054174900054,0.25,0.47000000000000003,0.46140000000000003,14.993167,-2.2330521878485414,0.0,1.2553880237961579,2.349598127361432
s2_0.50_v3_r1,S2,step 0.50,3,1,,,,ok,,,2.4778505134926023,1.3152834994775202,0.23375000000000107,0.46,0.4586,16.461745999999977,-1.9505691014164999,0.0,0.11434136341733137,1.5241469345149952
s2_0.50_v3_r2,S2,step 0.50,3,2,,,,ok,,,1.7166325695935067,0.7965474344465403,0.23,0.47000000000000003,0.46249999999999997,14.994833,-1.746015310479543,0.0,0.38635219386874553,1.157616182490031
s2_0.50_v4_r0,S2,step 0.50,4,0,,,,ok,5.000000058430487e-08,3.88929379369074e-07,4.592813272213138,0.44539587363337474,0.0,0.6,0.5019999999999999,3.396974,-4.953012691157057,0.2588814993708148,6.8350496813986865,7.00260932884111
s2_0.50_v4_r1,S2,step 0.50,4,1,,,,ok,5.000000058430487e-08,3.876272671732295e-07,4.821532648742571,0.4485697728975459,0.0,0.61,0.5035416666666666,3.396974,-4.92974010805487,0.26109181825332356,6.57285727594288,6.744659079132035
s2_0.50_v4_r2,S2,step 0.50,4,2,,,,ok,5.000000058430487e-08,3.898377372024697e-07,2.233736832371246,0.08969110701759003,0.0,0.53,0.5,3.9975670000000036,-3.887756767129128,0.18068246674653196,4.991418237247565,4.991418237247565
