# FLOW_HGT_MIN=0.0 head=126cf753c7 src=00000003.BIN - control: feature disabled, same binary as discard_floor5
t_s,truth_speed_ms,ekf_speed_ms,rng_m,const_pos
1.000,0.0000,0.0000,0.000,0
1.200,0.0000,0.0000,0.000,0
1.399,0.0000,0.0000,0.000,0
1.599,0.0000,0.0000,0.000,0
1.799,0.0000,0.0000,0.000,0
1.999,0.0000,0.0000,0.000,0
2.200,0.0000,0.0001,0.000,0
2.400,0.0000,0.0001,0.000,0
2.600,0.0000,0.0000,0.000,0
2.800,0.0000,0.0001,0.000,0
3.000,0.0000,0.0001,0.000,0
3.200,0.0000,0.0001,0.000,0
3.399,0.0000,0.0001,0.000,0
3.599,0.0000,0.0001,0.000,0
3.799,0.0000,0.0001,0.000,0
3.999,0.0000,0.0001,0.000,0
4.200,0.0000,0.0001,0.000,0
4.400,0.0000,0.0001,0.000,0
4.600,0.0000,0.0001,0.000,0
4.800,0.0000,0.0002,0.000,0
5.000,0.0000,0.0002,0.000,0
5.200,0.0000,0.0001,0.000,0
5.400,0.0000,0.0000,0.000,0
5.599,0.0000,0.0001,0.000,0
5.799,0.0000,0.0001,0.000,0
5.999,0.0000,0.0001,0.000,0
6.199,0.0000,0.0002,0.000,0
6.400,0.0000,0.0002,0.000,0
6.600,0.0000,0.0001,0.000,0
6.800,0.0000,0.0001,0.000,0
7.000,0.0000,0.0001,0.000,0
7.200,0.0000,0.0001,0.000,0
7.400,0.0000,0.0002,0.000,0
7.599,0.0000,0.0001,0.000,0
7.799,0.0000,0.0001,0.000,0
7.999,0.0000,0.0002,0.000,0
8.199,0.0000,0.0003,0.000,0
8.400,0.0000,0.0003,0.000,0
8.600,0.0000,0.0003,0.000,0
8.800,0.0000,0.0003,0.000,0
9.000,0.0000,0.0003,0.000,0
9.200,0.0000,0.0003,0.000,0
9.400,0.0000,0.0003,0.000,0
9.599,0.0000,0.0003,0.000,0
9.799,0.0000,0.0004,0.000,0
9.999,0.0000,0.0004,0.000,0
10.199,0.0000,0.0004,0.000,0
10.399,0.0000,0.0004,0.000,0
10.600,0.0000,0.0004,0.000,0
10.800,0.0000,0.0005,0.000,0
11.000,0.0000,0.0005,0.000,0
11.200,0.0000,0.0005,0.000,0
11.400,0.0000,0.0005,0.000,0
11.600,0.0000,0.0006,0.000,0
11.799,0.0000,0.0006,0.000,0
11.999,0.0000,0.0005,0.000,0
12.199,0.0000,0.0005,0.000,0
12.399,0.0000,0.0005,0.000,0
12.600,0.0000,0.0004,0.000,0
12.800,0.0000,0.0005,0.000,0
13.000,0.0000,0.0005,0.000,0
13.200,0.0000,0.0005,0.000,0
13.400,0.0000,0.0006,0.000,0
13.527,0.0000,0.0005,0.000,0
13.627,0.0000,0.0004,0.000,0
13.727,0.0000,0.0002,0.000,0
13.827,0.0000,0.0000,0.000,0
13.927,0.0000,0.0000,0.000,0
14.027,0.0000,0.0001,0.000,0
14.127,0.0000,0.0002,0.000,0
14.227,0.0000,0.0002,0.000,0
14.327,0.0000,0.0001,0.000,0
14.427,0.0000,0.0001,0.000,0
14.527,0.0000,0.0001,0.000,0
14.627,0.0000,0.0000,0.000,0
14.727,0.0000,0.0001,0.000,0
14.827,0.0000,0.0001,0.000,0
14.927,0.0000,0.0002,0.000,0
15.027,0.0000,0.0002,0.000,0
15.127,0.0000,0.0002,0.000,0
15.227,0.0000,0.0002,0.000,0
15.327,0.0000,0.0003,0.000,0
15.427,0.0000,0.0003,0.000,0
15.530,0.0000,0.0003,0.000,0
15.630,0.0000,0.0004,0.000,0
15.730,0.0000,0.0004,0.000,0
15.829,0.0000,0.0004,0.000,0
15.929,0.0000,0.0004,0.000,0
16.029,0.0000,0.0005,0.000,0
16.129,0.0000,0.0005,0.000,0
16.229,0.0000,0.0006,0.000,0
16.329,0.0000,0.0006,0.000,0
16.429,0.0000,0.0007,0.000,0
16.529,0.0000,0.0007,0.000,0
16.629,0.0000,0.0007,0.000,0
16.730,0.0000,0.0008,0.000,0
16.830,0.0000,0.0008,0.000,0
16.930,0.0000,0.0009,0.000,0
17.030,0.0000,0.0010,0.000,0
17.130,0.0000,0.0011,0.024,0
17.230,0.0000,0.0012,0.048,0
17.330,0.0000,0.0012,0.073,0
17.430,0.0000,0.0013,0.109,0
17.530,0.0001,0.0014,0.145,0
17.630,0.0005,0.0012,0.218,0
17.730,0.0011,0.0006,0.327,0
17.830,0.0019,0.0007,0.424,0
17.929,0.0029,0.0010,0.509,0
18.029,0.0040,0.0020,0.570,0
18.129,0.0052,0.0030,0.630,0
18.229,0.0063,0.0039,0.679,0
18.329,0.0073,0.0053,0.739,0
18.429,0.0083,0.0058,0.788,0
18.529,0.0092,0.0054,0.824,0
18.629,0.0101,0.0046,0.873,0
18.729,0.0111,0.0037,0.921,0
18.830,0.0122,0.0031,0.970,0
18.930,0.0134,0.0026,1.018,0
19.030,0.0146,0.0026,1.067,0
19.130,0.0158,0.0037,1.115,0
19.230,0.0169,0.0049,1.176,0
19.330,0.0179,0.0054,1.224,0
19.430,0.0188,0.0065,1.285,0
19.530,0.0197,0.0081,1.345,0
19.630,0.0206,0.0086,1.406,0
19.730,0.0214,0.0098,1.467,0
19.830,0.0220,0.0118,1.527,0
19.930,0.0225,0.0133,1.588,0
20.029,0.0230,0.0141,1.648,0
20.129,0.0236,0.0139,1.709,0
20.229,0.0242,0.0152,1.770,0
20.329,0.0247,0.0164,1.830,0
20.429,0.0252,0.0159,1.891,0
20.529,0.0255,0.0149,1.951,0
20.629,0.0258,0.0155,2.024,0
20.729,0.0259,0.0163,2.085,0
20.830,0.0261,0.0174,2.145,0
20.930,0.0264,0.0196,2.218,0
21.030,0.0268,0.0204,2.279,0
21.130,0.0270,0.0210,2.339,0
21.230,0.0273,0.0220,2.388,0
21.330,0.0276,0.0225,2.424,0
21.430,0.0278,0.0211,2.448,0
21.530,0.0280,0.0212,2.485,0
21.630,0.0283,0.0211,2.509,0
21.730,0.0285,0.0220,2.521,0
21.830,0.0288,0.0233,2.533,0
21.930,0.0291,0.0241,2.533,0
22.030,0.0293,0.0244,2.545,0
22.129,0.0297,0.0261,2.545,0
22.229,0.0300,0.0269,2.545,0
22.329,0.0304,0.0271,2.545,0
22.429,0.0307,0.0286,2.545,0
22.529,0.0310,0.0297,2.545,0
22.629,0.0313,0.0308,2.545,0
22.729,0.0317,0.0333,2.545,0
22.829,0.0320,0.0364,2.545,0
22.930,0.0321,0.0375,2.545,0
23.030,0.0321,0.0385,2.545,0
23.130,0.0320,0.0390,2.545,0
23.230,0.0319,0.0402,2.557,0
23.330,0.0318,0.0392,2.557,0
23.430,0.0318,0.0364,2.557,0
23.530,0.0318,0.0349,2.557,0
23.630,0.0320,0.0335,2.557,0
23.730,0.0322,0.0319,2.569,0
23.830,0.0325,0.0302,2.569,0
23.930,0.0329,0.0299,2.569,0
24.030,0.0334,0.0278,2.569,0
24.130,0.0340,0.0248,2.569,0
24.229,0.0344,0.0229,2.569,0
24.329,0.0348,0.0227,2.569,0
24.429,0.0352,0.0222,2.569,0
24.529,0.0355,0.0196,2.569,0
24.629,0.0358,0.0167,2.569,0
24.729,0.0361,0.0167,2.569,0
24.829,0.0364,0.0164,2.569,0
24.929,0.0368,0.0148,2.569,0
25.030,0.0371,0.0157,2.569,0
25.130,0.0375,0.0175,2.569,0
25.230,0.0378,0.0196,2.569,0
25.330,0.0382,0.0213,2.569,0
25.430,0.0386,0.0208,2.569,0
25.530,0.0389,0.0193,2.569,0
25.630,0.0393,0.0159,2.569,0
25.730,0.0397,0.0127,2.569,0
25.830,0.0400,0.0099,2.569,0
25.930,0.0404,0.0090,2.569,0
26.030,0.0408,0.0114,2.569,0
26.130,0.0413,0.0132,2.569,0
26.230,0.0419,0.0154,2.569,0
26.329,0.0426,0.0159,2.569,0
26.429,0.0433,0.0158,2.569,0
26.529,0.0440,0.0137,2.569,0
26.629,0.0446,0.0150,2.569,0
26.729,0.0453,0.0173,2.569,0
26.829,0.0461,0.0211,2.569,0
26.929,0.0469,0.0246,2.569,0
27.029,0.0482,0.0449,2.569,0
27.130,0.0771,0.1439,2.582,0
27.230,0.1942,0.3152,2.618,0
27.330,0.3783,0.5248,2.642,0
27.430,0.5940,0.7527,2.654,0
27.530,0.8203,0.9824,2.654,0
27.630,1.0464,1.2110,2.654,0
27.730,1.2678,1.4345,2.654,0
27.830,1.4827,1.6489,2.654,0
27.930,1.6904,1.8538,2.654,0
28.030,1.8908,2.0524,2.654,0
28.130,2.0831,2.2423,2.666,0
28.230,2.2677,2.4243,2.666,0
28.329,2.4447,2.6005,2.666,0
28.429,2.6143,2.7683,2.666,0
28.529,2.7768,2.9265,2.666,0
28.629,2.9323,3.0781,2.666,0
28.729,3.0808,3.2231,2.666,0
28.829,3.2229,3.3597,2.666,0
28.929,3.3587,3.4909,2.679,0
29.029,3.4885,3.6183,2.679,0
29.129,3.6122,3.7383,2.679,0
29.230,3.7311,3.8519,2.679,0
29.330,3.8434,3.9580,2.679,0
29.430,3.9503,4.0596,2.679,0
29.530,4.0520,4.1574,2.679,0
29.630,4.1488,4.2510,2.679,0
29.730,4.2407,4.3396,2.679,0
29.830,4.3281,4.4238,2.666,0
29.930,4.4111,4.5051,2.666,0
30.030,4.4899,4.5823,2.666,0
30.130,4.5646,4.6553,2.666,0
30.230,4.6355,4.7246,2.666,0
30.330,4.7027,4.7901,2.666,0
30.429,4.7665,4.8498,2.666,0
30.529,4.8269,4.9061,2.666,0
30.629,4.8843,4.9577,2.666,0
30.729,4.9386,5.0050,2.666,0
30.829,4.9899,5.0519,2.666,0
30.929,5.0383,5.0973,2.666,0
31.029,5.0842,5.1419,2.666,0
31.129,5.1274,5.1840,2.666,0
31.229,5.1683,5.2244,2.666,0
31.330,5.2071,5.2607,2.666,0
31.430,5.2435,5.2928,2.666,0
31.530,5.2779,5.3211,2.666,0
31.630,5.3102,5.3490,2.666,0
31.730,5.3409,5.3746,2.666,0
31.830,5.3698,5.3981,2.666,0
31.930,5.3971,5.4208,2.654,0
32.030,5.4230,5.4420,2.654,0
32.130,5.4475,5.4645,2.654,0
32.230,5.4707,5.4845,2.654,0
32.330,5.4927,5.5025,2.654,0
32.430,5.5137,5.5203,2.654,0
32.529,5.5334,5.5367,2.654,0
32.629,5.5520,5.5509,2.654,0
32.729,5.5694,5.5628,2.654,0
32.829,5.5860,5.5730,2.654,0
32.929,5.6017,5.5821,2.654,0
33.029,5.6166,5.5924,2.654,0
33.129,5.6307,5.6030,2.654,0
33.229,5.6441,5.6132,2.654,0
33.330,5.6569,5.6234,2.654,0
33.430,5.6689,5.6324,2.654,0
33.530,5.6802,5.6391,2.654,0
33.630,5.6908,5.6467,2.654,0
33.730,5.7010,5.6548,2.654,0
33.830,5.7106,5.6643,2.654,0
33.930,5.7196,5.6748,2.654,0
34.030,5.7282,5.6827,2.654,0
34.130,5.7361,5.6911,2.654,0
34.230,5.7433,5.6970,2.654,0
34.330,5.7501,5.7016,2.654,0
34.430,5.7565,5.7050,2.654,0
34.530,5.7625,5.7100,2.654,0
34.629,5.7683,5.7148,2.654,0
34.729,5.7738,5.7203,2.654,0
34.829,5.7789,5.7262,2.654,0
34.929,5.7836,5.7310,2.654,0
35.029,5.7879,5.7370,2.654,0
35.129,5.7920,5.7441,2.654,0
35.229,5.7958,5.7508,2.666,0
35.329,5.7991,5.7556,2.666,0
35.430,5.8021,5.7598,2.666,0
35.530,5.8045,5.7633,2.666,0
35.630,5.8067,5.7654,2.666,0
35.730,5.8087,5.7667,2.666,0
35.830,5.8105,5.7682,2.666,0
35.930,5.8124,5.7693,2.666,0
36.030,5.8143,5.7699,2.666,0
36.130,5.8161,5.7713,2.654,0
36.230,5.8179,5.7736,2.654,0
36.330,5.8196,5.7765,2.654,0
36.430,5.8212,5.7790,2.654,0
36.530,5.8225,5.7817,2.654,0
36.630,5.8237,5.7843,2.654,0
36.729,5.8249,5.7863,2.654,0
36.829,5.8259,5.7863,2.654,0
36.929,5.8267,5.7865,2.654,0
37.029,5.8275,5.7860,2.654,0
37.129,5.8284,5.7860,2.654,0
37.229,5.8293,5.7876,2.654,0
37.329,5.8303,5.7901,2.654,0
37.429,5.8313,5.7918,2.654,0
37.530,5.8321,5.7943,2.654,0
37.630,5.8328,5.7972,2.654,0
37.730,5.8333,5.7989,2.654,0
37.830,5.8336,5.8016,2.654,0
37.930,5.8338,5.8056,2.654,0
38.030,5.8339,5.8067,2.654,0
38.130,5.8340,5.8050,2.654,0
38.230,5.8340,5.8026,2.654,0
38.330,5.8341,5.7994,2.654,0
38.430,5.8343,5.7950,2.654,0
38.530,5.8344,5.7918,2.654,0
38.630,5.8348,5.7898,2.654,0
38.730,5.8353,5.7880,2.654,0
38.829,5.8358,5.7881,2.654,0
38.929,5.8364,5.7892,2.654,0
39.029,5.8369,5.7915,2.654,0
39.129,5.8372,5.7939,2.654,0
39.229,5.8374,5.7949,2.654,0
39.329,5.8374,5.7962,2.654,0
39.429,5.8376,5.7949,2.654,0
39.529,5.8378,5.7946,2.654,0
39.630,5.8381,5.7932,2.654,0
39.730,5.8382,5.7939,2.654,0
39.830,5.8384,5.7928,2.654,0
39.930,5.8384,5.7917,2.654,0
40.030,5.8385,5.7920,2.654,0
40.130,5.8384,5.7909,2.654,0
40.230,5.8383,5.7907,2.654,0
40.330,5.8382,5.7912,2.654,0
40.430,5.8380,5.7915,2.654,0
40.530,5.8379,5.7937,2.654,0
40.630,5.8375,5.7938,2.654,0
40.730,5.8370,5.7917,2.654,0
40.829,5.8366,5.7901,2.654,0
40.929,5.8362,5.7886,2.654,0
41.029,5.8357,5.7885,2.654,0
41.129,5.8353,5.7903,2.654,0
41.229,5.8347,5.7933,2.654,0
41.329,5.8341,5.7944,2.654,0
41.429,5.8335,5.7962,2.654,0
41.529,5.8331,5.7981,2.654,0
41.629,5.8327,5.7977,2.654,0
41.730,5.8321,5.7979,2.654,0
41.830,5.8317,5.7991,2.654,0
41.930,5.8313,5.7980,2.654,0
42.030,5.8309,5.7971,2.654,0
42.130,5.8306,5.7969,2.654,0
42.230,5.8303,5.7962,2.666,0
42.330,5.8300,5.7953,2.666,0
42.430,5.8298,5.7930,2.666,0
42.530,5.8298,5.7919,2.666,0
42.630,5.8299,5.7915,2.666,0
42.730,5.8300,5.7904,2.666,0
42.830,5.8301,5.7897,2.654,0
42.929,5.8302,5.7898,2.654,0
43.029,5.8303,5.7891,2.654,0
43.129,5.8305,5.7899,2.654,0
43.229,5.8306,5.7926,2.654,0
43.329,5.8306,5.7935,2.654,0
43.429,5.8305,5.7949,2.654,0
43.529,5.8304,5.7959,2.654,0
43.629,5.8303,5.7972,2.654,0
43.729,5.8301,5.8003,2.654,0
43.830,5.8299,5.8013,2.654,0
43.930,5.8297,5.8001,2.654,0
44.030,5.8295,5.7990,2.654,0
44.130,5.8294,5.7975,2.654,0
44.230,5.8292,5.7961,2.654,0
44.330,5.8290,5.7946,2.654,0
44.430,5.8289,5.7949,2.654,0
44.530,5.8287,5.7958,2.654,0
44.630,5.8285,5.7984,2.654,0
44.730,5.8283,5.7982,2.654,0
44.830,5.8281,5.7978,2.654,0
44.930,5.8279,5.7975,2.654,0
45.029,5.8278,5.7989,2.654,0
45.129,5.8276,5.7993,2.654,0
45.229,5.8275,5.7974,2.654,0
45.329,5.8274,5.7974,2.654,0
45.429,5.8273,5.7975,2.654,0
45.529,5.8271,5.7990,2.654,0
45.629,5.8270,5.8007,2.654,0
45.729,5.8270,5.8023,2.654,0
45.830,5.8268,5.8051,2.654,0
45.930,5.8265,5.8049,2.654,0
46.030,5.8263,5.8039,2.654,0
46.130,5.8260,5.8032,2.654,0
46.230,5.8258,5.8016,2.666,0
46.330,5.8257,5.8013,2.666,0
46.430,5.8257,5.8006,2.666,0
46.530,5.8257,5.8007,2.666,0
46.630,5.8256,5.8007,2.666,0
46.730,5.8255,5.8019,2.666,0
46.830,5.8254,5.8008,2.666,0
46.930,5.8251,5.8008,2.654,0
47.030,5.8248,5.7994,2.654,0
47.129,5.8247,5.7991,2.654,0
47.229,5.8245,5.8000,2.654,0
47.329,5.8243,5.8026,2.654,0
47.429,5.8241,5.8037,2.654,0
47.529,5.8240,5.8061,2.654,0
47.629,5.8238,5.8075,2.654,0
47.729,5.8236,5.8065,2.654,0
47.829,5.8234,5.8048,2.654,0
47.930,5.8233,5.8030,2.654,0
48.030,5.8231,5.8012,2.654,0
48.130,5.8229,5.8016,2.654,0
48.230,5.8228,5.8016,2.654,0
48.330,5.8226,5.7995,2.654,0
48.430,5.8224,5.7955,2.654,0
48.530,5.8222,5.7904,2.654,0
48.630,5.8221,5.7867,2.654,0
48.730,5.8220,5.7840,2.654,0
48.830,5.8219,5.7813,2.654,0
48.930,5.8218,5.7779,2.654,0
49.030,5.8221,5.7742,2.654,0
49.130,5.8224,5.7725,2.654,0
49.229,5.8230,5.7715,2.654,0
49.329,5.8237,5.7692,2.654,0
49.429,5.8245,5.7659,2.654,0
49.529,5.8252,5.7651,2.654,0
49.629,5.8259,5.7651,2.654,0
49.729,5.8267,5.7637,2.654,0
49.829,5.8276,5.7650,2.654,0
49.929,5.8284,5.7664,2.666,0
50.030,5.8293,5.7695,2.666,0
50.130,5.8300,5.7732,2.666,0
50.230,5.8306,5.7764,2.666,0
50.330,5.8310,5.7784,2.666,0
50.430,5.8312,5.7803,2.666,0
50.530,5.8311,5.7835,2.666,0
50.630,5.8308,5.7870,2.654,0
50.730,5.8305,5.7895,2.654,0
50.830,5.8301,5.7932,2.654,0
50.930,5.8297,5.7980,2.654,0
51.030,5.8292,5.8021,2.654,0
51.130,5.8286,5.8059,2.654,0
51.230,5.8281,5.8092,2.654,0
51.329,5.8274,5.8100,2.654,0
51.429,5.8268,5.8082,2.654,0
51.529,5.8262,5.8068,2.654,0
51.629,5.8255,5.8048,2.654,0
51.729,5.8249,5.8023,2.654,0
51.829,5.8243,5.8002,2.654,0
51.929,5.8237,5.7984,2.654,0
52.029,5.8231,5.7958,2.654,0
52.130,5.8226,5.7944,2.654,0
52.230,5.8221,5.7929,2.654,0
52.330,5.8216,5.7936,2.654,0
52.430,5.8212,5.7954,2.654,0
52.530,5.8211,5.7952,2.654,0
52.630,5.8201,5.7769,2.654,0
52.730,5.7809,5.6827,2.606,0
52.830,5.6562,5.5192,2.582,0
52.930,5.4752,5.3193,2.582,0
53.030,5.2715,5.1093,2.569,0
53.130,5.0644,4.9002,2.569,0
53.230,4.8630,4.6989,2.569,0
53.329,4.6707,4.5053,2.569,0
53.429,4.4884,4.3236,2.569,0
53.529,4.3158,4.1517,2.569,0
53.629,4.1525,3.9899,2.569,0
53.729,3.9978,3.8353,2.569,0
53.829,3.8512,3.6879,2.569,0
53.929,3.7121,3.5505,2.569,0
54.029,3.5801,3.4202,2.569,0
54.129,3.4546,3.2952,2.582,0
54.230,3.3340,3.1761,2.582,0
54.330,3.2200,3.0616,2.582,0
54.430,3.1111,2.9514,2.582,0
54.530,3.0072,2.8458,2.582,0
54.630,2.9079,2.7441,2.582,0
54.730,2.8129,2.6475,2.582,0
54.830,2.7220,2.5579,2.594,0
54.930,2.6349,2.4728,2.594,0
55.030,2.5514,2.3919,2.594,0
55.130,2.4713,2.3131,2.594,0
55.230,2.3944,2.2369,2.594,0
55.330,2.3205,2.1644,2.594,0
55.429,2.2495,2.0958,2.594,0
55.529,2.1812,2.0294,2.594,0
55.629,2.1156,1.9674,2.594,0
55.729,2.0524,1.9077,2.594,0
55.829,1.9915,1.8500,2.594,0
55.929,1.9328,1.7956,2.594,0
56.029,1.8762,1.7425,2.594,0
56.129,1.8216,1.6906,2.594,0
56.230,1.7685,1.6412,2.594,0
56.330,1.7177,1.5941,2.594,0
56.430,1.6680,1.5441,2.582,0
56.530,1.6115,1.4770,2.582,0
56.630,1.5328,1.3754,2.582,0
56.730,1.4177,1.2308,2.569,0
56.830,1.2568,1.0361,2.569,0
56.930,1.0494,0.8083,2.545,0
57.030,0.8203,0.5786,2.509,0
57.130,0.6022,0.3775,2.436,0
57.230,0.4199,0.2232,2.376,0
57.330,0.2823,0.1145,2.303,0
57.430,0.1872,0.0446,2.242,0
57.529,0.1270,0.0151,2.182,0
57.629,0.0937,0.0185,2.121,0
57.729,0.0797,0.0183,2.073,0
57.829,0.0782,0.0090,2.024,0
57.929,0.0845,0.0116,1.963,0
58.029,0.0950,0.0293,1.915,0
58.129,0.1069,0.0470,1.866,0
58.229,0.1174,0.0603,1.818,0
58.330,0.1244,0.0684,1.770,0
58.430,0.1272,0.0730,1.709,0
58.530,0.1257,0.0721,1.660,0
58.630,0.1206,0.0681,1.612,0
58.730,0.1132,0.0635,1.563,0
58.830,0.1056,0.0597,1.527,0
58.930,0.0990,0.0595,1.479,0
59.030,0.0939,0.0603,1.418,0
59.130,0.0897,0.0625,1.370,0
59.230,0.0857,0.0625,1.321,0
59.330,0.0811,0.0603,1.273,0
59.430,0.0757,0.0585,1.236,0
59.530,0.0705,0.0572,1.188,0
59.629,0.0663,0.0548,1.139,0
59.729,0.0624,0.0524,1.079,0
59.829,0.0578,0.0517,1.030,0
59.929,0.0530,0.0517,0.982,0
60.029,0.0478,0.0511,0.933,0
60.129,0.0416,0.0487,0.885,0
60.229,0.0347,0.0475,0.836,0
60.329,0.0280,0.0481,0.788,0
60.430,0.0236,0.0489,0.739,0
60.530,0.0234,0.0505,0.679,0
60.630,0.0277,0.0532,0.630,0
60.730,0.0361,0.0593,0.582,0
60.830,0.0479,0.0685,0.533,0
60.930,0.0622,0.0805,0.485,0
61.030,0.0783,0.0965,0.448,0
61.130,0.0951,0.1127,0.400,0
61.230,0.1106,0.1281,0.339,0
61.330,0.1227,0.1380,0.291,0
61.430,0.1302,0.1427,0.242,0
61.530,0.1332,0.1428,0.194,0
61.630,0.1327,0.1391,0.145,0
61.729,0.1295,0.1356,0.097,0
61.829,0.1249,0.1376,0.048,0
61.929,0.0000,0.0707,0.000,0
62.029,0.0000,0.0153,0.000,0
62.129,0.0000,0.0159,0.000,0
62.229,0.0000,0.0160,0.000,0
62.329,0.0000,0.0301,0.000,0
62.429,0.0000,0.0323,0.000,0
62.530,0.0000,0.0335,0.000,0
62.630,0.0000,0.0353,0.000,0
62.730,0.0000,0.0330,0.000,0
62.830,0.0000,0.0285,0.000,0
62.930,0.0000,0.0233,0.000,0
63.030,0.0000,0.0178,0.000,0
63.130,0.0000,0.0120,0.000,0
63.230,0.0000,0.0073,0.000,0
63.330,0.0000,0.0044,0.000,0
63.430,0.0000,0.0027,0.000,0
63.530,0.0000,0.0020,0.000,0
63.630,0.0000,0.0021,0.000,0
63.729,0.0000,0.0031,0.000,0
63.829,0.0000,0.0043,0.000,0
63.929,0.0000,0.0048,0.000,0
64.029,0.0000,0.0043,0.000,0
64.129,0.0000,0.0038,0.000,0
64.229,0.0000,0.0034,0.000,0
64.329,0.0000,0.0032,0.000,0
64.429,0.0000,0.0030,0.000,0
64.529,0.0000,0.0029,0.000,0
64.630,0.0000,0.0028,0.000,0
64.730,0.0000,0.0026,0.000,0
64.830,0.0000,0.0025,0.000,0
64.930,0.0000,0.0023,0.000,0
65.030,0.0000,0.0022,0.000,0
65.130,0.0000,0.0021,0.000,0
65.230,0.0000,0.0020,0.000,0
65.330,0.0000,0.0018,0.000,0
65.430,0.0000,0.0017,0.000,0
65.530,0.0000,0.0016,0.000,0
65.630,0.0000,0.0014,0.000,0
65.730,0.0000,0.0013,0.000,0
65.829,0.0000,0.0012,0.000,0
65.929,0.0000,0.0012,0.000,0
66.029,0.0000,0.0012,0.000,0
66.129,0.0000,0.0012,,0
66.229,0.0000,0.0015,,0
66.329,0.0000,0.0019,,0
66.429,0.0000,0.0025,,0
66.529,0.0000,0.0032,,0
66.629,0.0000,0.0039,,0
66.730,0.0000,0.0046,,0
66.830,0.0000,0.0053,,0
66.930,0.0000,0.0053,,0
